{
    "avg_prec": 0.931859384309244,
    "roc_auc": 0.9590971650707139
}